odom_x,odom_y,imu_ax,imu_ay,kf_ax,kf_ay,kf_vx,kf_w,kf_x,kf_y,stamp
2.0589480342891875e-08,-2.4134740428394252e-08,-0.019043266773223877,-0.014892756938934326,-0.012688473759099279,-6.423670340170109e-16,-0.00021112269149915603,3.0426243122216867e-12,2.111226914991561e-05,0.0,1731705814.3767533
2.0589480342891875e-08,-2.4134740428394252e-08,-0.01912093162536621,0.01568835973739624,-0.01669024978710793,1.290869916149217e-09,-0.0006235781117695142,-2.0701013903232477e-06,6.235781118172483e-05,8.740947592512727e-13,1731705814.4262838
2.0589480342891875e-08,-2.4134740428394252e-08,0.02580082416534424,-0.018570125102996826,0.009623200966376408,-2.6776844702035254e-09,-0.00041970537614678324,6.379914631512989e-06,4.1974381822718864e-05,-1.0372527035363472e-11,1731705814.4870174
2.0589480342891875e-08,-2.4134740428394252e-08,0.0019526481628417969,0.012944221496582031,0.0048783164905489215,-1.1605123742913116e-10,0.00012580631191386193,-9.22459578249063e-07,-1.2568528682593813e-05,-8.393551693695912e-12,1731705814.5164642
0.00023715994029771537,-0.00018322619143873453,-0.0127410888671875,-0.0014030933380126953,-0.005976492718272249,0.0004227736938364138,0.002132135404577221,0.19828651263367825,0.00012337221240750417,-6.23018008825399e-08,1731705814.5869217
0.0009373865905217826,0.00014233950059860945,-0.5049493908882141,0.7829675674438477,-0.3124682758941316,0.06654391077019962,0.0976478527721611,0.6814682441145388,0.007097211497159999,5.382270873697436e-05,1731705814.6372738
0.001462091924622655,0.0003289254673290998,0.07201182842254639,-0.14742857217788696,-0.07666298312236536,-0.0276433477333819,-0.028227908752311584,0.979291380595744,0.01046082109887567,0.00047300598058063256,1731705814.6766086
0.002512682694941759,0.0003433168167248368,-0.03828024864196777,-0.07151371240615845,-0.05277810290484755,-0.02932986835729806,-0.026633942374695494,1.101221439345154,0.007927533029824855,8.819895838520365e-05,1731705814.726304
0.0036789472214877605,0.0006697721546515822,0.2054142951965332,0.1295170783996582,0.10820237744217018,0.05336013496579492,0.05014477114281486,1.064121617263394,0.008365184690040472,6.477723628332767e-05,1731705814.776901
0.007343069650232792,0.0015678447671234608,0.10015076398849487,0.36012470722198486,0.10525031761748126,0.16963905406319107,0.16522882544599576,1.0266916417597896,0.016590463860316783,0.0029901256041025993,1731705814.8766124
0.018511483445763588,0.006903299130499363,0.23619067668914795,0.03410828113555908,0.18435125077763892,0.08699754719783197,0.0852394634923883,1.0206252319455373,0.028370475180809582,0.009065206976114952,1731705815.0786915
0.024231180548667908,0.010789538733661175,-0.029456377029418945,-0.049090683460235596,0.050978907048895156,0.03357930174201198,0.033597583651362006,0.9994558564228981,0.03364420605498575,0.012503279885780256,1731705815.1767344
0.030234327539801598,0.01611229032278061,0.3263407349586487,0.055965542793273926,0.22151207351807417,0.06629826180445655,0.06480959556992524,1.0229698429906902,0.036764958172128916,0.014974595498743954,1731705815.2773254
0.03904487192630768,0.025273781269788742,0.10033100843429565,-0.24846524000167847,0.1444961184529856,-0.03195447832053421,-0.02804025859188869,1.139592854174954,0.03825662547502069,0.01668476684765887,1731705815.3866808
0.04744087532162666,0.035905707627534866,-0.9504871964454651,-0.2939821481704712,-0.5326329153635081,-0.09529075176193405,-0.0681215228746046,1.3988347256613962,0.035610298205344094,0.013512487355093302,1731705815.477628
0.054060790687799454,0.04619365930557251,0.3865075707435608,0.05521625280380249,0.03774460953893444,0.02895952314743683,0.02437378460173964,1.188142244654525,0.034266325292765146,0.011162260900859266,1731705815.5767238
0.05879184231162071,0.05656889081001282,0.36921316385269165,0.6197761297225952,0.24737929406276088,0.2862377962302841,0.2747696169635772,1.0417374358687812,0.038277562898731986,0.019199421500953863,1731705815.6861317
0.06375771015882492,0.07220327109098434,-0.028182625770568848,-0.49738311767578125,0.07035043443851063,-0.057276920830079604,-0.04966365105377202,1.15329661864901,0.043343954895948236,0.035546336912946466,1731705815.7867107
0.06717999279499054,0.08861195296049118,0.09575480222702026,0.1376134753227234,0.08887975594494923,0.12725671492293353,0.10268463219519255,1.23929659387621,0.04340802731212564,0.03516430027719816,1731705815.876637
0.06845366954803467,0.10389299690723419,-0.27718400955200195,-0.04108893871307373,-0.1382092741886701,0.06014192529161543,0.05752839144252926,1.0454303307210855,0.04429671587913996,0.04411830404854936,1731705815.9768164
0.06794144958257675,0.11815311014652252,0.30135542154312134,0.11310458183288574,0.13446650982283984,0.10738109237520468,0.10820935249822812,0.9923457621369928,0.044207886732491215,0.05159693572656387,1731705816.0773757
0.06508778035640717,0.13689522445201874,0.1443924903869629,-0.4239155054092407,0.1371761717779929,-0.052227639248929585,-0.05480574475384224,0.9529592104533546,0.0434411077771913,0.05646135542897851,1731705816.186699
0.061150483787059784,0.15268635749816895,0.2235037088394165,0.10865706205368042,0.19313356471606036,0.09500398927718515,0.09715463537804793,0.9778636799727136,0.0437309408611432,0.05584430342195771,1731705816.2766347
0.05550333112478256,0.1692768633365631,0.2537832260131836,-0.29944372177124023,0.22815285361948276,-0.010912402784841629,-0.011183361970741976,0.9757712227674261,0.042052981561724524,0.06047375313766513,1731705816.3767521
0.048244278877973557,0.18532602488994598,0.9657170176506042,0.31180715560913086,0.6869096719919792,0.18667933577366203,0.18619911249318996,1.0025790846908018,0.04035354893013173,0.06476300882713593,1731705816.4779906
0.03670894727110863,0.2039429396390915,-0.18097519874572754,0.06257086992263794,0.149196581633811,0.15552399104258666,0.15948282818439496,0.9751770319922402,0.032532582956613654,0.07864733931947161,1731705816.5867784
0.02523905225098133,0.21879640221595764,-0.0940626859664917,-0.020224452018737793,-0.002188337768899651,0.11173097655970468,0.112405248735049,0.9940014173454333,0.024538564438162134,0.08996771862319476,1731705816.676646
0.011035931296646595,0.23366710543632507,0.06166273355484009,-0.056782305240631104,0.03673254433528692,0.08487203708477369,0.08577561129703302,0.9894658376828077,0.0178628257353153,0.09770063865862859,1731705816.7766776
-0.00398764293640852,0.2464146614074707,0.7498928904533386,0.27979594469070435,0.4793230911203951,0.20826813945463538,0.20617511331297525,1.010151691482196,0.00915827267860539,0.10613743448269265,1731705816.876672
-0.024561027064919472,0.2611626982688904,-0.7378339767456055,-0.38757431507110596,-0.27700026105024916,0.00502498048344113,0.005256401022483315,0.9559735762069285,-0.0010222772222689674,0.1138656653435961,1731705816.9866729
-0.0427088588476181,0.27129143476486206,0.19837415218353271,-0.206315279006958,0.017178396950718877,0.010631074845677324,0.010633382190678765,0.9997830093040893,-0.001970277406145497,0.1144377000889984,1731705817.0768042
-0.06454204022884369,0.2813451588153839,-0.150912344455719,0.25852614641189575,-0.08331098945190046,0.18144656587038013,0.1858424054516897,0.9763464125928337,-0.00875679941918845,0.11814748582448222,1731705817.176896
-0.08726364374160767,0.28892987966537476,0.673453688621521,-0.0664016604423523,0.38287987324442624,0.11669018916290108,0.12067415969151513,0.966985719736533,-0.023530646749605533,0.12370483241405326,1731705817.2770014
-0.11734072118997574,0.2958117723464966,0.6694867610931396,0.09891629219055176,0.5604645433027511,0.18846371073757992,0.19080054392600748,0.9877524815163327,-0.03596731819078276,0.12717062774983423,1731705817.3866935
-0.1442359983921051,0.2988933026790619,-0.7473960518836975,0.621974766254425,-0.24428864413840057,0.40003717727279287,0.394046180354839,1.0152037939120713,-0.061286191225843195,0.13192218983266693,1731705817.4778209
-0.17468178272247314,0.2994433045387268,-0.316495418548584,0.2930562496185303,-0.28988868387846584,0.3169436546793671,0.31673407193330516,1.000661699402223,-0.09875758740446641,0.1346429432166348,1731705817.5787282
-0.2045896351337433,0.2970794439315796,0.07725679874420166,0.7855772972106934,-0.05956170303407926,0.4924956654882413,0.4764183202835298,1.0337462782605493,-0.1368238415192303,0.1338222317847132,1731705817.6755283
-0.238848015666008,0.29127824306488037,-0.2416771650314331,0.7516188621520996,-0.17115966300608798,0.5284659979415083,0.5154720336701674,1.0252078937800442,-0.18599226015454773,0.12762569085698885,1731705817.7845051
-0.2676713466644287,0.2837573289871216,-0.5272042155265808,0.21288424730300903,-0.39400556681716675,0.31552828806189165,0.34669007348144903,0.9101163032831259,-0.23208310335751864,0.11686137642897095,1731705817.8776605
-0.29846692085266113,0.2730877995491028,0.11157792806625366,0.2232050895690918,-0.08196014748382141,0.26590062365069117,0.30157544706226674,0.8817051462276047,-0.2645210678853667,0.10583625878940149,1731705817.977761
-0.3305166959762573,0.2581835091114044,0.21488475799560547,-0.2855120897293091,0.0981358749344477,0.1011272684997966,0.12714271446362316,0.795383903249369,-0.2864747449729416,0.09594145023480297,1731705818.0862546
-0.3587002158164978,0.24252039194107056,-0.28216224908828735,-0.08931577205657959,-0.1363942498066972,0.11943924810193762,0.1531986763509692,0.7796362928639755,-0.29869515484264,0.08933610750887656,1731705818.1848242
-0.38417109847068787,0.2257291078567505,0.12541800737380981,-0.6492276191711426,0.022153553304364693,-0.019563800096012923,-0.02705069715432387,0.7232272049922299,-0.3055425598875076,0.08459986555115555,1731705818.2766476
-0.41052600741386414,0.20538122951984406,-0.016527891159057617,-0.4891732931137085,-0.0016066662955435407,-0.014066153272786862,-0.018619163248124754,0.7554664560021809,-0.3035359998464414,0.08613416506687148,1731705818.3767633
-0.4347575604915619,0.18350955843925476,0.004522860050201416,0.06553226709365845,0.00559071775466653,0.1254639547213081,0.16685280891169918,0.7519439171545824,-0.3084321691141958,0.08210579167951321,1731705818.4741967
-0.4610750079154968,0.15610110759735107,-0.15794169902801514,-0.3735431432723999,-0.0970854250734442,0.051958946675146805,0.07522962662494156,0.6906713352997074,-0.31726791944126836,0.07279345450310892,1731705818.588786
-0.4803023934364319,0.13242268562316895,-0.03179967403411865,0.6899725794792175,-0.05062371369202191,0.28737112458458336,0.3988569402591863,0.7204867098409848,-0.33173814159664794,0.05611952508453402,1731705818.6766663
-0.5003028512001038,0.10425399988889694,-0.18135303258895874,0.6664909720420837,-0.12952279249554552,0.3772016976865743,0.4931503763509223,0.7648816989204937,-0.3578044054403515,0.020109073354922846,1731705818.7769928
-0.5176576375961304,0.07587263733148575,-0.7310325503349304,-0.10624903440475464,-0.5046526963315227,0.1794230574963545,0.28146760202556476,0.6374554520845285,-0.37953004730587964,-0.015456553738429413,1731705818.8736684
-0.5355144739151001,0.041442759335041046,-0.12667906284332275,-0.2523494362831116,-0.2724723248174609,0.09945769527199459,0.16663691486521606,0.5968527162930299,-0.3910381084520686,-0.03777228534637461,1731705818.9877303
-0.5479639768600464,0.012786739505827427,-0.05424767732620239,-0.031942009925842285,-0.1364145426766165,0.1301257556090647,0.21089069062794558,0.6170293967059609,-0.3990594153707617,-0.055691181683803104,1731705819.0766711
-0.5599242448806763,-0.019879432395100594,0.2538567781448364,1.0906567573547363,0.11106645710481217,0.40734271293547003,0.5556703594893939,0.7330653974593456,-0.4125039014332489,-0.09063082552455004,1731705819.1777546
-0.5690047740936279,-0.051680710166692734,0.0682516098022461,0.23585903644561768,0.08199233003396092,0.2820233539307943,0.42171441658228415,0.6687543580236281,-0.42635224461656346,-0.137471216014348,1731705819.2730727
-0.5773328542709351,-0.09089001268148422,-0.11649143695831299,0.7274234294891357,-0.03888939071969055,0.38009799796779403,0.5193974902375692,0.7318056115248834,-0.4364866142221409,-0.18246872102722428,1731705819.3868756
-0.5819125771522522,-0.12184960395097733,0.3021396994590759,0.38986533880233765,0.17056860166572022,0.31029964543575694,0.4555280546182557,0.6811866849689336,-0.44378814947522643,-0.23099257834841225,1731705819.4767125
-0.585078775882721,-0.156517893075943,-0.33660322427749634,0.19737088680267334,-0.1443495452423039,0.24075145565397935,0.37890615777110537,0.635385439682972,-0.4471032724191245,-0.2730960984410509,1731705819.5767083
-0.5862414240837097,-0.19160398840904236,-0.13127350807189941,-0.33676469326019287,-0.1393387593930431,0.10436640222952,0.2005410939024443,0.5204240198285262,-0.4474092172852869,-0.3042402456163933,1731705819.6778083
-0.5848556160926819,-0.23037023842334747,0.1501457691192627,0.6884897947311401,0.04374605400944806,0.255666495287391,0.4235316378132109,0.6036538299888401,-0.4462757957610764,-0.33469105749966693,1731705819.7878377
-0.5817086696624756,-0.2619762122631073,-0.4517269730567932,0.5517331957817078,-0.2613989082682777,0.3071502668722754,0.47218335422860747,0.6504894001908603,-0.4418046180205987,-0.37945369615508123,1731705819.8766315
-0.5763194561004639,-0.29706883430480957,-0.2183436155319214,0.3186265230178833,-0.2353411832090492,0.25282314955477847,0.41804945533054033,0.6047685180091386,-0.4343451505914737,-0.4249159816069239,1731705819.9766681
-0.5691692233085632,-0.33173584938049316,-0.19245082139968872,-0.20663398504257202,-0.21142091625393164,0.12424032060132345,0.257093887576614,0.48324883089373266,-0.4262496133328355,-0.4599679998360147,1731705820.077745
-0.5590535998344421,-0.3699997663497925,0.24981063604354858,0.5879595279693604,0.07680543578655533,0.24598862351796796,0.4227127801705381,0.581928522290542,-0.41706462076056167,-0.49226901628874475,1731705820.186697
-0.548926591873169,-0.4008128046989441,-0.2465720772743225,0.9283934831619263,-0.12031962553224193,0.3964328048833076,0.5720954247955979,0.692948741942741,-0.4009908035447517,-0.5389609991457197,1731705820.2775578
-0.536049485206604,-0.4345119595527649,0.2643091082572937,0.6494049429893494,0.11713509398585562,0.38067694171544575,0.5574747052854309,0.6828595774951557,-0.37907877305873533,-0.5911655243056109,1731705820.3768775
-0.5196637511253357,-0.4710000157356262,-0.34590691328048706,0.24553173780441284,-0.17120257945197634,0.2572388057647232,0.44030778468846554,0.5842249778679915,-0.3561867779727367,-0.6367059347130184,1731705820.4878924
-0.5036716461181641,-0.5022388696670532,-0.20427465438842773,-0.07982522249221802,-0.19375728397510913,0.14802916514691422,0.3105163593503859,0.47671937625636807,-0.3361209306774027,-0.6709493720954597,1731705820.583696
-0.4856272339820862,-0.5332580804824829,0.4966757297515869,0.061598002910614014,0.2330902387176719,0.14663233746709362,0.32033246541350974,0.4577504727090629,-0.31863161881622504,-0.6974541238209909,1731705820.6807094
-0.4664824903011322,-0.5630815625190735,-0.27752411365509033,-0.1282753348350525,-0.08328951835778295,0.12168357674516442,0.2836065807659657,0.4290576629657922,-0.3010633852135879,-0.7215302771714157,1731705820.776876
-0.44289273023605347,-0.5961266160011292,-0.11936330795288086,0.3110775351524353,-0.10388306405381424,0.1817208533925499,0.3692307135259033,0.4921607188558037,-0.2804639131881155,-0.7473808937033808,1731705820.8864532
-0.42015278339385986,-0.6247499585151672,0.19392919540405273,0.3121318817138672,0.08069834999747867,0.19289891305134502,0.39784627369853076,0.4848579107153201,-0.2550011419521285,-0.7764428209205757,1731705820.9867704
-0.39835232496261597,-0.6499964594841003,0.01690000295639038,0.2888028621673584,0.04138934932184955,0.19969362190966108,0.41078868517457967,0.48612249829810666,-0.22709331347138714,-0.8052815783435844,1731705821.0777092
-0.3732631802558899,-0.6767656207084656,-0.35437244176864624,0.5729088187217712,-0.20188782746813982,0.2572072633653657,0.4760175791885247,0.5403314386074382,-0.19459622077082261,-0.8358043019967014,1731705821.176233
-0.3467598259449005,-0.7024904489517212,-0.17647463083267212,-0.15654784440994263,-0.1886873365779165,0.12625945953760043,0.3190044641611998,0.3957921399927457,-0.1631469021207132,-0.8624119065659733,1731705821.277853
-0.3160799741744995,-0.7295798063278198,-0.6005680561065674,0.35248732566833496,-0.44155612570253855,0.17450472883777107,0.38060615465524117,0.4584916105622099,-0.13443671982308217,-0.8845584158955877,1731705821.3867006
-0.29024869203567505,-0.7503880262374878,0.152942955493927,-0.13331103324890137,-0.07515732297952787,0.10982904566776207,0.2984231272022639,0.36803128060957097,-0.1052799893806298,-0.9050824873523141,1731705821.4777017
-0.2604830861091614,-0.7725551724433899,0.2742229700088501,0.7197041511535645,0.14354509149769748,0.22672261857454554,0.4558843006197092,0.4973249095578609,-0.07374403408999741,-0.9254120129147536,1731705821.5768573
-0.22659452259540558,-0.7957337498664856,0.4988943338394165,-0.31076139211654663,0.35997764099697727,0.10403945441499084,0.30153637401051303,0.34503119153168404,-0.04224714712306336,-0.9437451902425809,1731705821.686236
-0.19441603124141693,-0.8156059384346008,-0.2456170916557312,0.040078938007354736,-0.01393605762485256,0.1242503513585954,0.3392701266448059,0.3662283873542381,-0.014844375573782986,-0.9582658914991555,1731705821.786904
-0.16484934091567993,-0.8324306011199951,-0.3633917570114136,-0.10713374614715576,-0.2302477961652617,0.10691518024828796,0.3083655721035269,0.34671568398171754,0.014767974574379688,-0.9726189147300037,1731705821.8777084
-0.13136450946331024,-0.8496243357658386,-0.054683566093444824,-0.463614284992218,-0.12278162649652002,0.06383699504482941,0.2324798537947713,0.2745915140723698,0.04032824854629596,-0.9839000194282056,1731705821.9777606
-0.09738823026418686,-0.8654302358627319,0.09698832035064697,-0.27336376905441284,0.013463932193451572,0.07159404215382434,0.25087840573505277,0.2853734738311166,0.06312840829505083,-0.9931375006347977,1731705822.0779088
-0.05914350226521492,-0.8816595077514648,-0.2473466992378235,-0.009344935417175293,-0.14664263383184495,0.09863580483690004,0.30655174640042765,0.32175907002682286,0.08982936175450397,-1.0031236300455693,1731705822.1867673
-0.026966091245412827,-0.8937453627586365,0.0388147234916687,0.3554953336715698,-0.030403619233580426,0.1544941408197078,0.3905003330609413,0.3956312651738444,0.1237963729450921,-1.014626001873993,1731705822.2778633
0.009275472722947598,-0.905972421169281,-0.3374953269958496,0.16366136074066162,-0.22000083143153057,0.15442226129486117,0.38944395487311534,0.3965198569975838,0.16178405061980386,-1.0259778299585536,1731705822.3767176
0.04546302929520607,-0.9166440963745117,0.13762646913528442,0.027825653553009033,0.0006407093108256878,0.11812397979924877,0.3577648570469991,0.3301721157696911,0.1987298983181635,-1.0354778324042369,1731705822.4772925
0.08620588481426239,-0.9267839789390564,-0.19671189785003662,0.5199736952781677,-0.11981682286482057,0.17993672458082094,0.43656380300301323,0.4121659270491076,0.2378833573388846,-1.0440072162212526,1731705822.5867426
0.11937660723924637,-0.9340009093284607,-0.30812472105026245,0.5476737022399902,-0.23513995822081377,0.2156777685601275,0.47901170955742806,0.4502557333293544,0.2840037903265521,-1.0522934029914475,1731705822.677728
0.15654586255550385,-0.9407630562782288,0.4361143708229065,0.39506852626800537,0.17956569602731856,0.213102498378893,0.46693616552722933,0.4563846497909915,0.3310591407612405,-1.058586391698519,1731705822.7768223
0.1933741420507431,-0.9461812973022461,0.34624695777893066,-0.09033846855163574,0.28036286920540693,0.12143373919095371,0.36741355568190076,0.3305096867359151,0.37167967904597415,-1.062199153166329,1731705822.877992
0.23483122885227203,-0.9508756995201111,0.013990998268127441,0.12194627523422241,0.11573640185811002,0.11843353360470055,0.38825131342934,0.3050434847434326,0.4085570572181631,-1.06405915483721,1731705822.9867725
0.2691326439380646,-0.9538208842277527,0.1698514223098755,0.5565409660339355,0.15027048495639084,0.1811036349626761,0.4621130279961001,0.39190333098378793,0.4503173944087308,-1.0647378772765923,1731705823.0776942
0.306294322013855,-0.9559744000434875,0.0764731764793396,0.16989105939865112,0.10368107269261925,0.14058512647706348,0.41939338564534906,0.33521064301177667,0.49360053480906085,-1.0639892541736218,1731705823.1768403
0.3433094322681427,-0.9572100043296814,-0.15299469232559204,0.30534297227859497,-0.05498853864179293,0.14838890604150592,0.4194424872272329,0.35377652612744565,0.5351869341415432,-1.0617207844906513,1731705823.2770286
0.3851928412914276,-0.9571201801300049,-0.11631113290786743,-0.25071513652801514,-0.09443435096945005,0.08062907727855416,0.32547983930539526,0.24772372215318844,0.5726025618511007,-1.0584432026416943,1731705823.3857152
0.4209386110305786,-0.9558024406433105,-0.5096694231033325,-0.14374947547912598,-0.3507751138181041,0.0790340979132373,0.32008516543722304,0.24691584130517266,0.6058036102632376,-1.0545268304611162,1731705823.478498
0.458960622549057,-0.9532722234725952,0.2381165623664856,0.21971797943115234,0.014373105342973536,0.1113482571599396,0.37133509331064,0.29985923540706483,0.6413187402555195,-1.0494024131239819,1731705823.5771694
0.4961792826652527,-0.949356734752655,-0.3570636510848999,0.3960992693901062,-0.21416689174400916,0.15205212701680623,0.4199139028119069,0.36210310256127753,0.6810136191757019,-1.0425605270132403,1731705823.6757553
0.5380495190620422,-0.9436188340187073,0.2404189109802246,0.01468801498413086,0.06609415616047204,0.10782191788093173,0.3737342807576504,0.2884988705407233,0.7202934566856966,-1.0344846512702692,1731705823.7857637
0.5726213455200195,-0.9382631182670593,0.0018736720085144043,0.16863322257995605,0.026553113093921395,0.12280400032924346,0.3863140568996872,0.317886440153876,0.7569186630748572,-1.025645425307339,1731705823.8777115
0.6106716394424438,-0.9311932921409607,0.36242932081222534,0.05907571315765381,0.23381509692669458,0.10973746659554495,0.3812036904239326,0.28787094498877247,0.7933690835545559,-1.0157040143755396,1731705823.9777853
0.6519784927368164,-0.9220835566520691,0.11346930265426636,-0.2130948305130005,0.15834472467005228,0.07460733225000324,0.3391172784279679,0.22000451465008625,0.8266838342107492,-1.005542146254925,1731705824.087576
0.6818767189979553,-0.9144545197486877,-0.18199020624160767,-0.35680556297302246,-0.05260859907762866,0.052284455289504386,0.30995734778403344,0.16868274187819615,0.8571062995535724,-0.9954338607176628,1731705824.1679897
0.7233912348747253,-0.9025056958198547,-0.1535886526107788,0.1895313858985901,-0.1138344528489377,0.09658751453642446,0.3691544236014238,0.2616452854448523,0.8897269743517591,-0.9838047217049081,1731705824.2777565
0.7604230046272278,-0.8908035159111023,-0.2505180835723877,-0.005559206008911133,-0.19821553355268928,0.09471273236588666,0.3590771366725104,0.2637670926185079,0.9245132244248541,-0.9705933174343637,1731705824.3779867
0.7961680293083191,-0.8784857392311096,-0.21772730350494385,0.11826872825622559,-0.20958707689012615,0.10991359078287107,0.3782741301986827,0.2905659732140303,0.9598252536177597,-0.9561106431656664,1731705824.4742575
0.8304013609886169,-0.8654640913009644,-0.35955244302749634,-0.16891711950302124,-0.30272877692182454,0.07740606176834298,0.3270084108345033,0.23670969676531547,0.9931874365772653,-0.9413767207572653,1731705824.5678961
0.8692266941070557,-0.8492920994758606,-0.318664014339447,0.2077123522758484,-0.3113657311061116,0.0950115075965538,0.366138520939977,0.2594960709204633,1.0263654127542348,-0.9256769527104892,1731705824.67775
0.9043339490890503,-0.8340315818786621,0.0862804651260376,0.31892311573028564,-0.06468667320955229,0.12137497455371289,0.40000851472595994,0.30343097730523344,1.0617507139728712,-0.9077815021353133,1731705824.7777371
0.9380570650100708,-0.8184233903884888,0.025372624397277832,0.2865558862686157,-0.008542929540898428,0.1322328016569009,0.424304614107281,0.31164591960686816,1.0983764386448123,-0.8879723389973778,1731705824.8731823
0.9770098328590393,-0.7984952926635742,-0.01604217290878296,0.2087063193321228,-0.013371375029540927,0.1249684909008707,0.41216006240289277,0.3032037848895512,1.1345213302703796,-0.8669429298579704,1731705824.9878125
1.0059314966201782,-0.7835944890975952,0.2741127014160156,0.34762322902679443,0.164538669603016,0.14839502183311115,0.4323010542460559,0.34326777687811993,1.1699805575724382,-0.8447680233358903,1731705825.0778072
1.0396839380264282,-0.7643104195594788,0.15281593799591064,0.18901550769805908,0.15689568677170312,0.1314790095009197,0.4260928689838902,0.3085689038036698,1.2049660024297868,-0.8213641121578328,1731705825.1777265
1.0743070840835571,-0.7433184385299683,-1.580941081047058,0.6430628895759583,-0.9158919548312383,0.1951269986448866,0.4586601871240446,0.42542824540407415,1.2421140566414093,-0.794659256957251,1731705825.2875113
1.0984171628952026,-0.7276799082756042,-0.7000769972801208,-0.16120338439941406,-0.7845405173381121,0.07281705025643444,0.2594729376620232,0.2806344696774597,1.273769919264465,-0.7701828731875241,1731705825.386157
1.113881230354309,-0.7173352837562561,0.0850534439086914,-0.04942268133163452,-0.24749648229716714,0.04024222382800962,0.1866193553760632,0.21563799610665305,1.2932148154028806,-0.7540066349031641,1731705825.477337
1.1336413621902466,-0.7027442455291748,1.1463892459869385,0.019466698169708252,0.6146760205602442,0.06475963716885956,0.24414750454282225,0.26524799952440653,1.3089752946126787,-0.7401426028148045,1731705825.5778184
1.1641072034835815,-0.6794865727424622,0.5706613659858704,0.37791651487350464,0.5888360310069638,0.1187315730268904,0.38316338595111876,0.30987191725578217,1.3302775813148715,-0.7206002433843316,1731705825.6876552
1.1950438022613525,-0.6545515060424805,0.7627188563346863,0.8493488430976868,0.697874421740152,0.21390488166693197,0.5377936032775384,0.3977453066814228,1.3613653963202683,-0.6902758117386673,1731705825.7873847
1.2215579748153687,-0.631981611251831,-0.02181112766265869,-0.10670924186706543,0.2501506799178081,0.1069972809137825,0.4183350059823007,0.2557693699635297,1.392082148668677,-0.65817260775653,1731705825.8772216
1.2494196891784668,-0.606926679611206,0.4043920040130615,0.28545206785202026,0.3452344735004277,0.12263079134633847,0.43324963583671205,0.28304880420616657,1.419282042880782,-0.6276842903704364,1731705825.974044
1.2775366306304932,-0.5807467699050903,-0.21138280630111694,0.06920164823532104,0.0003192729150279239,0.11470360188542997,0.39809232329206573,0.28813316704245046,1.4451853445573422,-0.5970277023523435,1731705826.0736291
1.307642936706543,-0.5510392189025879,0.4623088836669922,0.34149813652038574,0.2861411865570407,0.14195571854095765,0.4285034135192607,0.33128258506761443,1.470514912757568,-0.5652368703270141,1731705826.183818
1.3337844610214233,-0.5234017372131348,0.08193099498748779,0.2598438858985901,0.15977184527735286,0.1321270013728154,0.4422447976049129,0.2987643994646905,1.4960025773477528,-0.5312878350722979,1731705826.2819254
1.3573822975158691,-0.4975976347923279,-0.16258585453033447,0.6787972450256348,-0.03857339509163532,0.19576754694982548,0.49730611020724175,0.39365602579916725,1.522670019439193,-0.4931419993258661,1731705826.373734
1.3820744752883911,-0.4687853455543518,0.14446097612380981,0.1688861846923828,0.07350895518297794,0.1460588736962481,0.4402084286309011,0.3317948139941527,1.5481175687400819,-0.45404852347160796,1731705826.472485
1.4098267555236816,-0.4343372881412506,-0.1651540994644165,0.22107386589050293,-0.07423250425215351,0.13486156209184796,0.42700508681177535,0.31583127755875,1.5704198835403749,-0.4169108004988563,1731705826.5878341
1.43146812915802,-0.40626761317253113,0.04958540201187134,-0.2759103775024414,0.0007629168338942338,0.07202600319704444,0.3377605851902127,0.21324573190350912,1.5891267913867746,-0.383385504849484,1731705826.6788297
1.4543064832687378,-0.3746891915798187,-0.3037795424461365,-0.3103828430175781,-0.18769654601387115,0.056297243901510446,0.31539934908695805,0.17849511758500447,1.6045132787367324,-0.3540310797963768,1731705826.777949
1.4783658981323242,-0.33932065963745117,-0.35680532455444336,-0.27189964056015015,-0.2917212940203928,0.05407608835575978,0.3201738656957476,0.16889600979221334,1.619368372680013,-0.32430471547396394,1731705826.8871124
1.4993637800216675,-0.30681777000427246,-0.2764896750450134,-0.13313907384872437,-0.28165529081114243,0.06647436233775525,0.32921473719228067,0.20191794238825442,1.6340712462297526,-0.2934532849067758,1731705826.9877903
1.5173609256744385,-0.2771871089935303,-0.22674274444580078,-0.075522780418396,-0.24720307846689005,0.0739828060375653,0.33261865455384604,0.22242530605146374,1.6484085450421144,-0.261878483395649,1731705827.0787563
1.5362920761108398,-0.24355866014957428,0.21217644214630127,0.24979186058044434,0.03782242619360254,0.10410276160923264,0.38642405289900483,0.26940031508970474,1.6630149614582959,-0.22777927010843999,1731705827.1772285
1.55479097366333,-0.20892009139060974,0.0400242805480957,-0.5702326893806458,0.037382151790289184,0.03993091298278214,0.28685710303170725,0.1392014092060619,1.675260460343356,-0.19732504804098713,1731705827.2784686
1.5737372636795044,-0.17110048234462738,0.012482643127441406,-0.19066864252090454,0.022697600745659092,0.05552185143821989,0.33030951925611574,0.16809037645436217,1.686188528895827,-0.16834015494645435,1731705827.387817
1.58868408203125,-0.13908138871192932,0.01948678493499756,-0.2713383436203003,0.020821752026094122,0.05342124265075908,0.338938062063482,0.1576135838079863,1.6975154528244478,-0.1368729963680626,1731705827.4778426
1.6044974327087402,-0.10324611514806747,-0.24318420886993408,0.41413629055023193,-0.14123092579362545,0.11794510841603478,0.3966684712825459,0.2973392567215729,1.7094747530328198,-0.10147699623654369,1731705827.5782044
1.6135172843933105,-0.0819048061966896,0.6994948387145996,-0.17527538537979126,0.37736162435551696,0.07591640656401116,0.35014082313746053,0.21681678212713693,1.7204748722858252,-0.06668333671106293,1731705827.6378152
1.6342741250991821,-0.027622323483228683,0.04384016990661621,0.22292011976242065,0.17164235660928873,0.10966460907193164,0.40044835417018726,0.273854563091362,1.7304107724949358,-0.03196995952044385,1731705827.7879295
1.6460373401641846,0.005629825405776501,-0.08601361513137817,-0.23839694261550903,0.011316604583372303,0.06895972761037553,0.34760471211830957,0.19838547984615534,1.7396781408249269,0.003390215826424103,1731705827.8777914
1.6574169397354126,0.04247402772307396,0.21180152893066406,0.5316394567489624,0.1364751243555227,0.13837942804108685,0.42534575215953097,0.3253339837967537,1.7484255314480608,0.0408616324890998,1731705827.9778745
1.6679301261901855,0.07968100160360336,0.36173421144485474,0.0574302077293396,0.27491460860059913,0.1112333170316016,0.4011084191828279,0.2773148398585488,1.756598914361638,0.0800849280737974,1731705828.0779014
1.6789379119873047,0.12125083804130554,0.10952287912368774,-0.19995081424713135,0.17151481941738506,0.07449096837550981,0.3565258211224568,0.20893568982181576,1.762972866115335,0.1159789667676924,1731705828.1878793
1.6865428686141968,0.1555490642786026,-0.19995373487472534,-0.30819183588027954,-0.0586474108620092,0.05072948705948659,0.32968685545000864,0.1538717307678008,1.7681173548762228,0.14949734574304155,1731705828.277786
1.6943104267120361,0.19314657151699066,-0.07099974155426025,-0.6103885173797607,-0.06666102096948978,0.029834093604510097,0.30214779127720054,0.09874006848899748,1.7723929015020277,0.18110732418370906,1731705828.3777726
1.700999140739441,0.23124349117279053,-0.26297593116760254,0.14787983894348145,-0.18681705445484686,0.06903850109577539,0.3571490991160445,0.19330442458527236,1.776428969491371,0.21485199230376154,1731705828.4776282
1.7073942422866821,0.2730662226676941,0.4358375072479248,0.39983880519866943,0.1988409660185796,0.11823768316599907,0.40589903505840597,0.2912982612757025,1.7804010260198813,0.25323908772677084,1731705828.5879521
1.7117661237716675,0.30717357993125916,0.10665833950042725,-0.10657668113708496,0.14076443571665695,0.08714709786240582,0.3588693242807357,0.2428379690492368,1.7833761450666403,0.2899356811557725,1731705828.6779468
1.7154743671417236,0.3459336459636688,0.4136027693748474,-0.07927751541137695,0.30908452036126216,0.07889842103746719,0.3640891436399341,0.2167008338910917,1.7852802862301378,0.32489090179858654,1731705828.7780268
1.7180886268615723,0.3848057687282562,-0.6010501384735107,-0.03791600465774536,-0.25346248714058167,0.07031033023028652,0.36459709794452877,0.19284391078994217,1.7864593747106745,0.3610508644860915,1731705828.8773837
1.7197484970092773,0.42727696895599365,0.07170653343200684,-0.16057449579238892,-0.05259445533973123,0.06822360541080162,0.343389979958378,0.1986767506118581,1.7868348456371905,0.397204625202314,1731705828.9878368
1.7201570272445679,0.462057501077652,-0.18833333253860474,0.14819949865341187,-0.13584237473530134,0.09270242003260931,0.3709061164816223,0.2499349994871345,1.7864907943007897,0.4335723941750387,1731705829.0787966
1.7196464538574219,0.5006342530250549,0.1966727375984192,-0.003860950469970703,0.06965803333705775,0.08044407445768487,0.3675426075379497,0.21887006515123233,1.7853546513380603,0.4707976178651041,1731705829.1798856
1.7181931734085083,0.5387067794799805,-0.44288039207458496,-0.210260272026062,-0.24740905970371166,0.06308759852248183,0.3419058404720877,0.1845174637419864,1.7834417560605096,0.5065139588110859,1731705829.2764938
1.7154748439788818,0.5810243487358093,0.4755414128303528,-0.15529966354370117,0.19944237671750423,0.06584060958088601,0.3416067753128746,0.1927380085496934,1.7808524972031896,0.5408515169437909,1731705829.3859355
1.7123987674713135,0.6163188219070435,0.07841551303863525,-0.33802592754364014,0.12411646518609827,0.050340907373449144,0.32752520503984917,0.1537008651512005,1.7778483617565142,0.5731437458304651,1731705829.478804
1.7078604698181152,0.6548745036125183,-0.17626351118087769,0.12827908992767334,-0.06082370945712333,0.08373433192264997,0.3711199542217011,0.22562605693960727,1.7739464802279135,0.6078506697587663,1731705829.5778303
1.7023953199386597,0.692335844039917,-0.06857693195343018,-0.011307716369628906,-0.06559070940398704,0.08016484653236117,0.36631876940644453,0.21883903645520067,1.7691314208248443,0.6447556573356961,1731705829.6753142
1.6953221559524536,0.7341615557670593,0.14530068635940552,-0.12680047750473022,0.06456620187842979,0.0775827195532778,0.3556161055434295,0.21816424606169318,1.7636564850122451,0.6803745256390501,1731705829.7851748
1.6882281303405762,0.7691640853881836,0.20077615976333618,0.08777719736099243,0.14898753289544575,0.09631908899695271,0.3796592028035588,0.25369881273967065,1.7573398573275893,0.7161010312788336,1731705829.8779604
1.6797512769699097,0.8071691393852234,0.349498987197876,-0.12809133529663086,0.27225921097993416,0.07428661588072125,0.3633575425115773,0.20444495349468167,1.7503022193719662,0.751328847616262,1731705829.9779348
1.670746088027954,0.8433772325515747,0.10797357559204102,0.4660077691078186,0.17155125948967687,0.142719614838823,0.43163486225318715,0.3306489519725284,1.7417472134582832,0.788979045880535,1731705830.0741322
1.6612441539764404,0.877653956413269,-0.06097191572189331,0.34111589193344116,0.027909879598539328,0.1537603503809364,0.4453387522925654,0.34526604655308213,1.7311123239670843,0.830945258570808,1731705830.1678188
1.6485707759857178,0.9184725880622864,-0.12644904851913452,-0.021351277828216553,-0.06846386794550564,0.10009263558570476,0.38889261536264047,0.25737859664002327,1.719579625766321,0.871020992652733,1731705830.277817
1.6359872817993164,0.9549562335014343,0.002661466598510742,0.37936365604400635,-0.023845297224823037,0.14052238230014175,0.42045730129463516,0.3342132051636577,1.707065454654573,0.9096481989112106,1731705830.3778033
1.6230778694152832,0.9897845983505249,0.05822676420211792,0.22443777322769165,0.02677180940869992,0.13850170688793456,0.41440460220604974,0.3342185539220168,1.6930916750539726,0.9489375875210655,1731705830.473713
1.606298565864563,1.0308250188827515,-0.12023347616195679,0.4254990220069885,-0.06340377739710878,0.15659075451013263,0.45158391468842757,0.34675892877666636,1.677155758053371,0.9895329501908675,1731705830.5886607
1.5992214679718018,1.0469728708267212,0.5706398487091064,0.28552865982055664,0.32815861171468436,0.14311601253950565,0.44791532278510915,0.31951577733402675,1.6594866592512831,1.0303121778293653,1731705830.6339967
1.5759613513946533,1.0977518558502197,-0.23319792747497559,0.4056999087333679,-0.018770645292984667,0.16529631560417266,0.4632096463121673,0.35684989921987886,1.6404226846091554,1.0704925290247942,1731705830.7779627
1.559500813484192,1.1309787034988403,0.40409278869628906,0.19669091701507568,0.24187936630784818,0.13581799010892676,0.4351501152816459,0.3121175551591435,1.6200853520870002,1.1099375240177487,1731705830.8738875
1.53886878490448,1.1704648733139038,-0.1617516279220581,-0.7615853548049927,-0.010760688475543068,0.02245131574719647,0.26956214787816285,0.08328808745560246,1.603335970097532,1.1401605889086819,1731705830.9878833
1.521844506263733,1.2008154392242432,0.06767934560775757,0.2669909596443176,0.039090753204492165,0.07901896538548762,0.34684623640495293,0.22782131414922063,1.5878078887141633,1.16652590327745,1731705831.0778103
1.50182044506073,1.2339516878128052,0.2520979642868042,-0.04976451396942139,0.17073548491140889,0.08026540177927174,0.3572381034180806,0.2246832043146754,1.569794772015821,1.1962268234944897,1731705831.1779454
1.4808415174484253,1.2668204307556152,-0.030819356441497803,-0.17757576704025269,0.04571176234771859,0.06818649297708733,0.34187419744537706,0.19944907655097846,1.5514190410576023,1.2250605527095568,1731705831.279218
1.4566125869750977,1.3020375967025757,0.24906665086746216,0.2614859938621521,0.17211338157733488,0.10925320468595887,0.39362239827577833,0.27755840410640015,1.531134724097714,1.2553197622953725,1731705831.3874102
1.4362035989761353,1.3302361965179443,0.046058475971221924,0.02296924591064453,0.09393788673588752,0.10651293639722166,0.39133241462653146,0.2721802038782614,1.509023698476184,1.2867381876555752,1731705831.4772408
1.4127200841903687,1.3612689971923828,-0.2023775577545166,-0.20852667093276978,-0.08998589274042576,0.07249102998959411,0.34683507596649604,0.20900720547825066,1.487150288084616,1.3161537245555046,1731705831.5774584
1.3882718086242676,1.3913240432739258,0.23416471481323242,0.15208649635314941,0.11085438979494222,0.09333162433067033,0.3762784893678929,0.24803869200032494,1.464764481032028,1.3446901056423108,1731705831.6781461
1.360553503036499,1.4236499071121216,0.2812463045120239,-0.42617565393447876,0.21487712581801388,0.048561459937533955,0.3189845246504259,0.15223766729985505,1.4434753819921178,1.3706959058397057,1731705831.7878416
1.3371986150741577,1.4494882822036743,0.5151610970497131,0.15168869495391846,0.4008898187173092,0.09058717751340777,0.373041049056101,0.2428343415359217,1.4219514574653458,1.3957470206353,1731705831.8780887
1.310525894165039,1.4777716398239136,0.2951560616493225,-0.09227406978607178,0.3348960732567302,0.08002955134959185,0.3723657396033076,0.21492189758072194,1.398614779527989,1.4219739197059516,1731705831.9771922
1.2833144664764404,1.505224585533142,0.31766366958618164,-0.03799784183502197,0.32371574790913493,0.08520358792318761,0.3742296230015552,0.22767729406293824,1.3744908653668277,1.4478008560218416,1731705832.0786126
1.252370834350586,1.5345489978790283,0.08769965171813965,-0.405464231967926,0.17659418945357525,0.05089869822103556,0.32718686832293464,0.15556461199658647,1.351275542868748,1.4716726977761894,1731705832.1878593
1.2263786792755127,1.5577605962753296,-0.16932904720306396,0.2742903232574463,-0.03632979577113099,0.09628946336859048,0.3835200092632412,0.25106763934837917,1.3261356871364942,1.496427905608848,1731705832.2773361
1.196925163269043,1.5830354690551758,-0.2555481791496277,-0.1528034210205078,-0.1722818268842653,0.07266193781077396,0.3462776711749368,0.20983720250927096,1.2994522079359496,1.5217698191297877,1731705832.3775287
1.163647174835205,1.6095774173736572,0.10902029275894165,0.09535104036331177,0.002067778088598954,0.09216757793723641,0.36583360141460114,0.2519385250038375,1.272581466621407,1.5460603426523658,1731705832.4877143
1.1327426433563232,1.6330186128616333,-0.16004276275634766,-0.6637997627258301,-0.0996471892227053,0.028081436264242254,0.27415688768509094,0.10242834495735109,1.2485748792759073,1.5669475141023474,1731705832.5880332
1.10439932346344,1.6534010171890259,0.2877451181411743,-0.025194942951202393,0.14076918785949574,0.06156430632497773,0.3326192797431172,0.18508941024863024,1.2250780626760558,1.5864983445005074,1731705832.6789176
1.072450876235962,1.6751246452331543,-0.3581921458244324,-0.2537227272987366,-0.16760258052512647,0.05646437907252288,0.3317727222969612,0.17018993810462535,1.1992841658707225,1.607428900613597,1731705832.7778993
1.0367236137390137,1.6980459690093994,-0.14519476890563965,0.5121783018112183,-0.15226825785516165,0.12385725565829102,0.40120386871230923,0.3087140112975959,1.1692668477807069,1.6307596524529677,1731705832.88755
1.0034070014953613,1.7181507349014282,0.19086772203445435,-0.05172145366668701,0.059238582549470176,0.08927193781903284,0.3641548342095074,0.24514829801125873,1.1384754641217165,1.6536700601354921,1731705832.9874244
0.9731308221817017,1.735416293144226,0.2180635929107666,0.75723797082901,0.15890325767969998,0.18100346486802812,0.45951072810749594,0.39390476390724216,1.1049248960397646,1.677045588675723,1731705833.0788991
0.9392850995063782,1.7534394264221191,-0.1928282380104065,0.16656213998794556,-0.05923653500114376,0.134572349594075,0.42185697654420884,0.3189999385490129,1.0684325548653237,1.7009615736384802,1731705833.1780548
0.9044384360313416,1.7703431844711304,-0.18313372135162354,0.526161789894104,-0.1348920632389155,0.17184861284474529,0.46361490037671377,0.3706710304287209,1.0300389235784564,1.7241399713109165,1731705833.277749
0.8661736845970154,1.7879717350006104,0.10046207904815674,0.16530710458755493,0.009877789092168437,0.13457505849082715,0.41876062573464734,0.32136511940380524,0.9912388671266366,1.7457994582276146,1731705833.3880932
0.8343402743339539,1.8016564846038818,0.15795785188674927,0.12432235479354858,0.10102737811197174,0.12096851118625902,0.4035746741181225,0.2997425729218397,0.9549028072492327,1.7644493262468404,1731705833.477851
0.797900915145874,1.8159984350204468,-0.007878303527832031,0.12736767530441284,0.033704360600732994,0.11602870433491155,0.4098607694988355,0.2830929744185756,0.9184201210034959,1.7817951986828187,1731705833.5780547
0.7615880966186523,1.8290005922317505,-0.2721712589263916,-0.11088484525680542,-0.15610199550115866,0.0845702965371246,0.3606738715121719,0.23447857806431247,0.8830368765251134,1.7973744032478556,1731705833.6775382
0.7219719886779785,1.8420382738113403,0.13540172576904297,0.2317333221435547,0.024688980993027076,0.10751555196880125,0.38974801296952394,0.2758591407551534,0.8478380654432441,1.8117475045196865,1731705833.7876747
0.6887205243110657,1.8520430326461792,-0.12440598011016846,-0.2921093702316284,-0.06848010327773484,0.06311363512016664,0.3294777802211103,0.19155657500730855,0.814349326239017,1.82451307649051,1731705833.8778527
0.6513304710388184,1.8624824285507202,-0.04184907674789429,0.24472731351852417,-0.05097182630957865,0.10093434045733599,0.38312464982354383,0.26345039533171105,0.7802274843602381,1.8365381986507385,1731705833.978066
0.6137779355049133,1.8719682693481445,-0.3029669523239136,0.2664109468460083,-0.20611142292675144,0.13026467523685725,0.4047084757450003,0.32187286168658036,0.742085886309984,1.8489991144609736,1731705834.0772917
0.5721454620361328,1.8813798427581787,-0.13476979732513428,0.9767996072769165,-0.15941008280905056,0.2636539235134414,0.5353389651882088,0.49249903455233973,0.6953564629535066,1.8627236592669232,1731705834.1875265
0.5378126502037048,1.8876773118972778,0.15031182765960693,-0.00574105978012085,0.029940302342158692,0.12142991997345798,0.41318728576522606,0.29388590635979717,0.6491369795785247,1.8744826254970892,1731705834.2778678
0.4996006488800049,1.8943583965301514,-0.17593508958816528,-0.07396745681762695,-0.09805916817281582,0.08969739719293668,0.3683551491180716,0.24350792274166175,0.6106552369094284,1.8825963537280412,1731705834.3779745
0.4614284634590149,1.8997966051101685,-0.21038633584976196,0.4999932646751404,-0.1662780720943005,0.1530232453736516,0.42167034578878804,0.3628978108180744,0.5713430589704755,1.8896786629145061,1731705834.4779465
0.419429212808609,1.9043798446655273,-0.36395883560180664,-0.19614970684051514,-0.2896304574286782,0.07731798788466908,0.3328150705043632,0.23231516459725773,0.5329640641345847,1.8955805525336071,1731705834.5880141
0.38449615240097046,1.9071794748306274,-0.14950090646743774,-0.027752995491027832,-0.20245274359730236,0.07737208094106446,0.3412984079477209,0.22669921435120224,0.49798447549932895,1.8998563970188798,1731705834.6780133
0.3460344970226288,1.9093382358551025,0.3063945174217224,0.1896107792854309,0.11266727754937117,0.10175297908703884,0.372721143194073,0.2730002870646296,0.46199292363003686,1.903349036331397,1731705834.7799418
0.30347245931625366,1.9105702638626099,0.08788496255874634,-0.13945257663726807,0.09683868352009492,0.07568250327599652,0.3542368991018611,0.21364940656347026,0.42633662238182335,1.9059863921032965,1731705834.8892682
0.2657853364944458,1.9108924865722656,0.3170589804649353,0.4089958667755127,0.23376741038128585,0.12207263591466264,0.417246650802359,0.292567083953625,0.38845792049128425,1.9077662881439614,1731705834.9868906
0.22988346219062805,1.9103416204452515,-0.3093283176422119,-0.4353716969490051,-0.10379615959807326,0.052430053254434436,0.31440874023217524,0.16675762008307227,0.3529387128650454,1.908650886431977,1731705835.0799599
0.19156646728515625,1.908512830734253,0.448854923248291,-0.3538588881492615,0.23759151346205598,0.050903564428521446,0.3110528390666172,0.16364925194468197,0.3219678709510444,1.90864308368036,1731705835.1788614
0.1533607691526413,1.9056917428970337,0.3130093812942505,0.21906179189682007,0.28495739267307413,0.09501957292308412,0.3801743879414146,0.24993680778339744,0.2885424521980398,1.9080387827545575,1731705835.277095
0.11110624670982361,1.9012432098388672,0.2909426689147949,-0.5176375508308411,0.28692518719906573,0.03410316707635285,0.3089052120630429,0.11040010250585514,0.25621321402096336,1.9069204816976402,1731705835.386033
0.07606197893619537,1.8968573808670044,-0.5741903781890869,0.06818419694900513,-0.24453866072353497,0.07295615465792536,0.3527626086645758,0.20681374064589622,0.22335480966929586,1.905065840061785,1731705835.4778829
0.03831654414534569,1.8908270597457886,0.08094382286071777,-0.17572343349456787,-0.04331163143011135,0.06596207102974912,0.3423422477972869,0.19267873437814087,0.18782774269991537,1.9025551948746389,1731705835.5772355
-0.003928779624402523,1.8829312324523926,0.20846128463745117,0.4650462865829468,0.11351208959407769,0.12268104462227855,0.41574758386949695,0.29508540610253575,0.14976228870765473,1.899018385565619,1731705835.687211
-0.03429831564426422,1.8768441677093506,-0.37232863903045654,0.3723219633102417,-0.186323162023772,0.14509531307088122,0.4370296045408731,0.3320033964822885,0.10717220384195392,1.8940503611511292,1731705835.7680562
-0.07540306448936462,1.8671315908432007,0.34960299730300903,-0.01712888479232788,0.14390588044268163,0.09944769383221583,0.37839528887446255,0.2628143022816779,0.06688721351409968,1.8880960484325686,1731705835.8779874
-0.11313558369874954,1.85727858543396,-0.1622028946876526,0.144514799118042,-0.045035775143193624,0.10384066339136679,0.39764090827259146,0.2611418021411966,0.028861940194412492,1.8813293992433855,1731705835.9772003
-0.14902597665786743,1.8467761278152466,-0.46010011434555054,0.6136904954910278,-0.30001009229478803,0.1716642467556604,0.46848826201299093,0.36642166020992056,-0.01461731670225725,1.87234712303957,1731705836.0746067
-0.19033119082450867,1.833276629447937,0.2279752492904663,-0.010711371898651123,0.025040237027062873,0.10962761702229233,0.3826174037993476,0.28652020512841936,-0.05647987124887674,1.8623618373801973,1731705836.1883845
-0.22330361604690552,1.8217722177505493,-0.4940362572669983,0.16708552837371826,-0.2953771341508056,0.10965570747578775,0.3920276914061521,0.2797141882566179,-0.09461530862397552,1.851985207727852,1731705836.2778902
-0.25937390327453613,1.8079719543457031,-0.14442849159240723,0.24783766269683838,-0.2014961976727612,0.11228313986350907,0.4012375713280549,0.2798420384508447,-0.13405322139909623,1.840030450061317,1731705836.3780766
-0.2935643196105957,1.7938088178634644,-0.260270893573761,-0.0408286452293396,-0.2380774569523281,0.08872722739616422,0.3651280386794127,0.24300305097650393,-0.17146998042395695,1.8275434449809287,1731705836.4748573
-0.33338335156440735,1.7762103080749512,-0.21969497203826904,0.42704087495803833,-0.22551970426994705,0.13069045429089235,0.40988580254886064,0.31884601388532685,-0.20921105088063566,1.813782048047877,1731705836.5881772
-0.36488285660743713,1.7611767053604126,0.09605967998504639,0.03457695245742798,-0.026996087952529696,0.10190407499072471,0.3850336081004467,0.2646628056534229,-0.24691856696885867,1.798897184907334,1731705836.6779518
-0.39964500069618225,1.7435580492019653,0.027498602867126465,0.6910180449485779,0.008211222807631452,0.1859299178394805,0.46974999314189847,0.39580611081204686,-0.2863317965907539,1.7818590035933946,1731705836.7780528
-0.4316864609718323,1.7262767553329468,0.08110195398330688,0.41472017765045166,0.05324954627827308,0.18212154890242635,0.4723642425734069,0.3855532076480664,-0.3288737191130096,1.7618678923635531,1731705836.8728669
-0.4702744781970978,1.7037858963012695,0.31637346744537354,0.13032013177871704,0.21483124391211952,0.1307939967761515,0.4281306987795942,0.3055001595283535,-0.3683268088663576,1.7414413502598254,1731705836.987947
-0.5000360012054443,1.6856610774993896,-0.004968106746673584,0.04488873481750488,0.07819716723918346,0.10669095003668992,0.3986082270662937,0.2676586753412539,-0.40361085229173105,1.7215673915680423,1731705837.0794477
-0.5324722528457642,1.6646103858947754,-0.07319366931915283,0.4472382664680481,-0.014681165859321332,0.15711678223531605,0.4393667084498271,0.3575982868380156,-0.4391387762057583,1.7000935534524781,1731705837.1780295
-0.5676923394203186,1.6405102014541626,0.05319160223007202,0.13318651914596558,0.026830582154505164,0.13134905088945448,0.41547525349675335,0.3161416950443737,-0.4750361104431067,1.6769505587040372,1731705837.2872195
-0.599267303943634,1.617380976676941,0.03051060438156128,0.7117937803268433,0.030610099037414074,0.20543249174453743,0.5028904076853202,0.4085035001762953,-0.5127607606160134,1.6507303792316397,1731705837.3873417
-0.6267509460449219,1.5962176322937012,0.16236013174057007,0.19593381881713867,0.11103112091314601,0.1536026899177607,0.4534405894232596,0.3387493168909539,-0.5507082829181064,1.6223283922411753,1731705837.4778535
-0.6566890478134155,1.5719088315963745,0.11263781785964966,0.462505578994751,0.11223557841277977,0.17792120889207869,0.4756717243280687,0.37404201215325383,-0.5862488099311793,1.5935111593618503,1731705837.5779777
-0.6862082481384277,1.546807050704956,-0.2704487442970276,-0.31582558155059814,-0.1267252611828808,0.07046415956546344,0.3384584191910147,0.20819148105072194,-0.6169726517452678,1.5668839259893783,1731705837.6785119
-0.7179481983184814,1.5179805755615234,0.05906319618225098,0.1263980269432068,-0.011174622407671572,0.09491450432748137,0.37195495392145644,0.2551774168533427,-0.6433412702644261,1.542524161498366,1731705837.7872767
-0.7433823347091675,1.4940286874771118,-0.08490169048309326,0.13034522533416748,-0.05640737627436087,0.1083886700139113,0.38756121146387146,0.27966851895346423,-0.6707913525610295,1.5159767099713823,1731705837.87805
-0.7706692814826965,1.4665355682373047,-0.009499847888946533,0.18814027309417725,-0.027208132913714912,0.1133831604898656,0.39538219419579246,0.28676850438469287,-0.6984094398749736,1.4878124547896057,1731705837.9780943
-0.7970880270004272,1.4384472370147705,0.05553382635116577,0.576206386089325,0.02501380555567439,0.16764691930638406,0.45671176573303796,0.36707379114112604,-0.7274975892411929,1.456351997752212,1731705838.0790339
-0.8256164193153381,1.4064112901687622,0.15467095375061035,-0.16068261861801147,0.10338719855587272,0.09194376851335326,0.36326926530541426,0.2531008739097502,-0.7539409079873032,1.4259168129681974,1731705838.187869
-0.8483403325080872,1.3795952796936035,-0.26598888635635376,0.02749401330947876,-0.1249128263700574,0.09067950999725147,0.361710472072697,0.2506963911706338,-0.7768402139649778,1.3978250303464086,1731705838.279925
-0.8723652958869934,1.3491363525390625,-0.35535550117492676,-0.36514681577682495,-0.2679682436417365,0.05291301614473492,0.3068517608160943,0.17243836569165827,-0.7979435570127569,1.3706542573513945,1731705838.3778746
-0.895811140537262,1.3181438446044922,0.022559523582458496,-0.08849644660949707,-0.08774615863633689,0.06642984767206285,0.3271416231771098,0.2030614356770452,-0.8175025747394112,1.344237208071152,1731705838.4787104
-0.9206510782241821,1.2833701372146606,-0.20360219478607178,-0.4603124260902405,-0.1596679640419209,0.0391125030385137,0.29701926506354587,0.13168338770936547,-0.8360214495344265,1.3183447929852663,1731705838.5880108
-0.9402818083763123,1.2542616128921509,-0.28092658519744873,-0.012484073638916016,-0.2335477170123198,0.0665664917728162,0.3386463696726361,0.1965663823213724,-0.8547988896300885,1.2910010754753753,1731705838.6788816
-0.9611606597900391,1.2214547395706177,-0.1878598928451538,-0.12414515018463135,-0.20498100588606524,0.07212653522056617,0.3358755353849948,0.21474185411536945,-0.8741359466861078,1.2618355828095342,1731705838.7778625
-0.9811392426490784,1.1883667707443237,-0.027858257293701172,-0.06836205720901489,-0.09523629023909375,0.07805162701945303,0.33677692731352427,0.23176061270607906,-0.8926219558682053,1.2326571596870959,1731705838.8787153
-1.002076506614685,1.1509402990341187,0.2928783893585205,0.45980095863342285,0.14600279194276375,0.13211804674835714,0.4180692069305189,0.3160195598197083,-0.9123413464653491,1.1998797490425899,1731705838.9879253
-1.0183011293411255,1.1199089288711548,-0.2098855972290039,-0.009021520614624023,-0.07464210797066284,0.100182754324584,0.38211619822952925,0.2621787686278777,-0.9318427414188067,1.1654885760349498,1731705839.0788953
-1.0354911088943481,1.0850753784179688,-0.21898776292800903,-0.07843059301376343,-0.1641171102865643,0.07776278473170327,0.35582765218097406,0.21854058911687138,-0.9494150318285793,1.1323381375071355,1731705839.178077
-1.0519683361053467,1.0496981143951416,0.2526894807815552,0.5990257859230042,0.09491197621289385,0.14889191926757597,0.43278749182922394,0.3440300888509229,-0.9671310686677268,1.0965939136070837,1731705839.278482
-1.0686062574386597,1.010162353515625,-0.08747333288192749,0.06878769397735596,-0.01845422663649543,0.1150574954345146,0.3999172348854294,0.2877032680711471,-0.9845116553276545,1.0591741289258785,1731705839.3880134
-1.0814160108566284,0.9778911471366882,0.06739985942840576,0.5381727814674377,0.03556458362373366,0.16797528027442493,0.4542420276423742,0.36979246756681056,-1.0012034264390985,1.0198235904178672,1731705839.4788854
-1.094380497932434,0.941456139087677,0.3903389573097229,0.2283780574798584,0.254445736028877,0.144692660328421,0.44743555032709575,0.32338212782297715,-1.0172831684109345,0.9783740388623473,1731705839.5779033
-1.1066827774047852,0.9044710993766785,-0.21626192331314087,0.07077211141586304,-0.03736037022368649,0.11019038749011938,0.4085219694669111,0.2697294043547012,-1.0311413142478474,0.9386371686018724,1731705839.6784775
-1.1190418004989624,0.8642715811729431,0.22757446765899658,0.2605316638946533,0.12644866365080726,0.12594000572434977,0.4160900629341339,0.3026748700419836,-1.0433838903550596,0.899601036512188,1731705839.7878952
-1.128580927848816,0.8304734230041504,-0.04392111301422119,0.027047932147979736,0.02047437912254832,0.09816355484221609,0.385055749219119,0.2549333571600702,-1.054205254941106,0.861554265142918,1731705839.8790846
-1.1381155252456665,0.7924508452415466,-0.4701208472251892,0.20945096015930176,-0.2822529690280532,0.11080907076845647,0.3993673439337984,0.27746152120746476,-1.0640377299241037,0.8228866028399127,1731705839.97906
-1.1465803384780884,0.7547736763954163,-0.21201378107070923,0.06324410438537598,-0.2388476755152322,0.10017212392035145,0.37315985532840523,0.26844292731380065,-1.0728506805363542,0.7838906425591136,1731705840.0783944
-1.1531774997711182,0.720973551273346,-0.48251932859420776,0.08142715692520142,-0.38919359171479617,0.08984259409619258,0.35678205683880826,0.2518136559114655,-1.080291416528611,0.7464054085515719,1731705840.168611
-1.160372018814087,0.678544282913208,-0.02315586805343628,-0.09769827127456665,-0.16271343943423466,0.07465789057098952,0.3445331117187829,0.2166929332235773,-1.0865275294894472,0.7101448686309538,1731705840.2789192
-1.1657863855361938,0.6402515172958374,-0.24424272775650024,0.6303424835205078,-0.21125117330001614,0.15412125189690892,0.4310927564867785,0.35751297041715846,-1.092289774504343,0.6704355900511173,1731705840.3780742
-1.1701724529266357,0.6023762226104736,-0.2181154489517212,-0.1504228711128235,-0.2165586161987494,0.09084065511821988,0.3490307096189231,0.26026550849179164,-1.096987472838433,0.6308930365357316,1731705840.4772692
-1.1735270023345947,0.5598586201667786,0.008955180644989014,0.22391891479492188,-0.07631350697636716,0.10423481842472895,0.38422592022523294,0.2712852333429941,-1.1002743626095184,0.5932513808262505,1731705840.5880396
-1.1757845878601074,0.5246782302856445,-0.21831554174423218,-0.39292341470718384,-0.1652512258010469,0.04641119208188968,0.3061748518802965,0.151583945568576,-1.102453294761401,0.5583007962828545,1731705840.6799426
-1.1771365404129028,0.4857971966266632,-0.0019960999488830566,0.003906607627868652,-0.06355353358461359,0.07047860494607994,0.3401148919372957,0.20721999129362884,-1.1037192173319574,0.5252327907910379,1731705840.7810583
-1.1775120496749878,0.44856953620910645,0.09396708011627197,-0.01096642017364502,0.03411669411162056,0.08490635975764993,0.3567717892033309,0.2379850714857396,-1.1044284001864122,0.4901976060257596,1731705840.876863
-1.1766340732574463,0.4049606919288635,-0.16817277669906616,-0.35582226514816284,-0.09148881575403071,0.051916230513364095,0.32084591892549547,0.1618104749071772,-1.1044456601998578,0.45633258919453956,1731705840.9869258
-1.1750367879867554,0.3695719838142395,0.14097225666046143,0.7115402221679688,0.05395289952560296,0.14088705019022713,0.4196157434525374,0.33575253643018477,-1.103533825568783,0.41874694092622605,1731705841.0789986
-1.1722590923309326,0.33104851841926575,-0.05508291721343994,0.05494648218154907,-0.01409628152075193,0.1098996140722317,0.3835309284486178,0.28654694033875056,-1.1017041325032704,0.3790128376247928,1731705841.178922
-1.1684945821762085,0.29362818598747253,-0.006002485752105713,0.23723500967025757,-0.00874159119767626,0.12465907991286532,0.4022993549473948,0.3098664672956433,-1.0986361337115764,0.3397053641407794,1731705841.2756636
-1.1638798713684082,0.25753217935562134,-0.24081063270568848,-0.11032569408416748,-0.1525609880221487,0.09059199951796178,0.37290212873203904,0.2429377376471337,-1.0945003945930984,0.3007079031281342,1731705841.3672485
-1.15721595287323,0.2147810161113739,-0.17770522832870483,0.3950921297073364,-0.16716118137338476,0.13524794284009595,0.4094837013860731,0.33028895260615093,-1.089071590612107,0.26112125646402407,1731705841.4789515
-1.1503081321716309,0.17671720683574677,-0.32830119132995605,0.17905789613723755,-0.26661064469023754,0.12009573828355782,0.39650594036638703,0.3028850921441042,-1.0823503247577104,0.22013511196782126,1731705841.5790813
-1.1425729990005493,0.1399063616991043,0.10534501075744629,0.4961710572242737,-0.035485908134598454,0.16332689589721794,0.45184336055212304,0.36146795583682617,-1.073893689211125,0.17741146634922975,1731705841.6751328
-1.1323946714401245,0.0971648097038269,0.11390805244445801,0.5085194110870361,0.05720483210647469,0.18115626206853963,0.4732509544851917,0.3827911182252208,-1.0633956059572218,0.1323188906674896,1731705841.7899458
-1.12337064743042,0.06353021413087845,0.4944179058074951,-0.12324625253677368,0.32533855733655415,0.0987193454841805,0.375403641646885,0.2629685344849122,-1.0525544012743,0.0924436489059564,1731705841.8789349
-1.1122766733169556,0.02619875967502594,0.5521154403686523,-0.03618180751800537,0.46494289533052235,0.09370941309574879,0.38362837747061623,0.24427132766768903,-1.0419864748806689,0.05811851009163544,1731705841.9771967
-1.099281907081604,-0.014424687251448631,-0.43379634618759155,-0.13006561994552612,-0.09122442139920861,0.07106381724289415,0.3621974712423961,0.19620185916575764,-1.0305631064742036,0.02390385798723133,1731705842.0881498
-1.0865854024887085,-0.05091997608542442,0.20924168825149536,-0.36059820652008057,0.09386443603392247,0.050731431708271914,0.3274848374873623,0.15491230707812434,-1.0189234036321368,-0.008469779236432367,1731705842.1890152
-1.0739715099334717,-0.08335861563682556,0.09705740213394165,-0.5300065279006958,0.09544451382770357,0.03754009832438489,0.3145001023793487,0.11936434373272214,-1.007752203509609,-0.037954472350582885,1731705842.2789931
-1.059097409248352,-0.11912152916193008,-0.17424166202545166,-0.22859221696853638,-0.07077790746443739,0.04670443601056962,0.3421466032348817,0.13650416391393277,-0.9956479128378108,-0.06858616092595264,1731705842.3781793
-1.0441844463348389,-0.1528751254081726,-0.2297692894935608,0.5902982354164124,-0.16764850255919111,0.12794296974614452,0.4104727488729529,0.3116966232166235,-0.9808209759688549,-0.10433707771297172,1731705842.4731205
-1.0285803079605103,-0.18602719902992249,-0.2479303479194641,-0.11866146326065063,-0.2181478024231835,0.08560242253515891,0.33999967318383967,0.25177207299512083,-0.9655954398005464,-0.13919036400889434,1731705842.5688074
-1.009478211402893,-0.22363032400608063,0.3276921510696411,0.2969813346862793,0.1201470918320941,0.11006760762199769,0.38918791928951624,0.28281352572025387,-0.949735877005055,-0.17282919758603107,1731705842.678994
-0.9908848404884338,-0.2576451599597931,-0.03428149223327637,0.004121363162994385,0.02436865385272026,0.0889014527098914,0.377718444545107,0.2353643408040531,-0.9326776636338413,-0.20672993384483557,1731705842.7779486
-0.971545398235321,-0.2914261221885681,-0.06325936317443848,0.09276032447814941,-0.029737608373047286,0.09849820168393937,0.3800015519464089,0.2592047352949507,-0.9147566113933835,-0.24002602480345456,1731705842.8795466
-0.9491724371910095,-0.3279823064804077,-0.30052846670150757,0.06197524070739746,-0.19695495989212408,0.09608353866857333,0.3770368754904956,0.2548385712765526,-0.8957362029910954,-0.2734482041637905,1731705842.98898
-0.9297815561294556,-0.3576907217502594,-0.14480578899383545,-0.11723309755325317,-0.16486156757201725,0.0764090152397123,0.35162516999970245,0.21730246227759226,-0.8764169220854783,-0.3054957266253588,1731705843.078891
-0.9076158404350281,-0.3896411657333374,0.08203279972076416,-0.6917478442192078,-0.013407945764956547,0.028077460919533805,0.2785702946605962,0.10079129561801539,-0.8593735008331979,-0.33240590468112485,1731705843.1781843
-0.8848332762718201,-0.4207403063774109,-0.15383923053741455,0.04865729808807373,-0.09902519747542177,0.06299822254826373,0.3401841554601725,0.18518858546790645,-0.8419943549183109,-0.3587320097903409,1731705843.279051
-0.871782660484314,-0.4380352795124054,0.25604093074798584,0.296950101852417,0.12120965485214269,0.1093392237751891,0.3868102777885511,0.282668869090803,-0.8213267268398423,-0.3889834773503297,1731705843.3359604
-0.8368694186210632,-0.48155564069747925,-0.2868700623512268,-0.10233569145202637,-0.13142809966853003,0.08466427154496274,0.361793100549579,0.23401295219934853,-0.7997020071423482,-0.41928847075031733,1731705843.4781866
-0.8125448226928711,-0.509865939617157,-0.20494800806045532,0.16449719667434692,-0.17620444955918865,0.10049425077756641,0.3844160869264914,0.2614205133324274,-0.7766136639747051,-0.4498813356624176,1731705843.5745752
-0.7864527702331543,-0.5386857986450195,-0.22775733470916748,0.6036463379859924,-0.20660912404526793,0.17947193718448737,0.44788651198255464,0.4007085107119231,-0.7498701737758753,-0.48338040358950224,1731705843.6743352
-0.7570756077766418,-0.5692009329795837,0.08430218696594238,0.20011895895004272,-0.02708546633924147,0.14178247105842423,0.42151098893116945,0.3363671998633862,-0.7212665194295544,-0.5170911279230063,1731705843.7844498
-0.7308341860771179,-0.594875693321228,-0.1695052981376648,0.4857827425003052,-0.11420094106189702,0.16746595270360146,0.4659315697620625,0.35942177686976945,-0.6909286289779973,-0.5502639146479739,1731705843.8782804
-0.7024674415588379,-0.6210035085678101,0.3437826633453369,-0.07002073526382446,0.16727772099405072,0.10542414255866495,0.3798283513710266,0.27755732866734795,-0.661477689401316,-0.5802425503296509,1731705843.9788344
-0.6734728813171387,-0.6466560363769531,0.32331031560897827,-0.0642901062965393,0.2630902230089444,0.08976149844107074,0.3663735030379191,0.24499997324255343,-0.6353017278043084,-0.605244928441529,1731705844.079023
-0.6406360864639282,-0.6740089058876038,-0.06403696537017822,-0.15036791563034058,0.06035772833463515,0.07284024709411148,0.35121911423831037,0.20739260518915742,-0.6094395105266369,-0.6287218425611255,1731705844.1890614
-0.6131897568702698,-0.6957539319992065,0.37215960025787354,0.02561485767364502,0.25316722139218234,0.09223884401091507,0.37219736144732385,0.2478224016748421,-0.5826926304391497,-0.6518207916464519,1731705844.27918
-0.5821463465690613,-0.7190629839897156,-0.26439130306243896,0.06792014837265015,-0.06674587150880895,0.0969201328378705,0.379037301717587,0.2557007777300075,-0.5542274029265809,-0.6753564058162571,1731705844.3783727
